{
  "train_losses": [
    0.8201753200624909,
    0.37887680881163655,
    0.26237211069639993,
    0.20042317375883728,
    0.15543040521728718,
    0.12847479717696414,
    0.10685038649479446,
    0.09046634734677308,
    0.07564399854215743,
    0.07163575353562984,
    0.06404304983632644,
    0.05590737729197573,
    0.05253653213515154,
    0.046490986593296306,
    0.043877585315862506,
    0.025450067009593423,
    0.018717083951953768,
    0.015333390125380757,
    0.01284653132291906,
    0.011698706941667211
  ],
  "test_accs": [
    83.82,
    88.34,
    90.59,
    90.62,
    91.81,
    91.97,
    93.12,
    92.61,
    92.64,
    92.81,
    93.31,
    92.9,
    93.18,
    93.37,
    92.96,
    94.18,
    94.36,
    94.46,
    94.62,
    94.47
  ]
}